{"_runtime":169.690737087,"_step":0,"_wandb":{"runtime":169},"total_loss":0.4284141957759857,"_timestamp":1.728140311558189e+09}