{"_runtime":67.92671637,"_step":0,"_wandb":{"runtime":67},"total_loss":0.4253160357475281,"_timestamp":1.72800070224461e+09}