{"_wandb": {"runtime": 160}, "total_loss": 0.006650459486991167, "_timestamp": 1728366564.2056925, "_runtime": 103.3998155593872, "_step": 16500}