{"_wandb":{"runtime":13758},"total_loss":0.0032762251794338226,"_timestamp":1.7280353900812337e+09,"_runtime":13758.388693478,"_step":1990}