{"total_loss":0.011470066849142313,"_timestamp":1.728162445753406e+09,"_runtime":3299.092845452,"_step":490,"_wandb":{"runtime":3299}}