{"total_loss":0.7785175442695618,"_timestamp":1.7280215372668803e+09,"_runtime":107.525337803,"_step":0,"_wandb":{"runtime":107}}