{"_runtime":180.658364,"_step":0,"total_loss":0.8201802968978882,"_timestamp":1.7280507813210626e+09,"_wandb":{"runtime":180}}