{"total_loss":0.21280404925346375,"_timestamp":1.728004053427157e+09,"_runtime":335.798520017,"_step":20,"_wandb":{"runtime":335}}