{"_timestamp":1.7280066184940999e+09,"_runtime":127.19858707,"_step":0,"total_loss":0.44129782915115356,"_wandb":{"runtime":127}}