{"_step":0,"total_loss":0.4564502388238907,"_timestamp":1.7280025496878955e+09,"_wandb":{"runtime":66},"_runtime":66.543567351}