{"_step":20,"_wandb":{"runtime":251},"total_loss":0.24538718909025192,"_timestamp":1.728049891552311e+09,"_runtime":251.457952212}