{"_step":190,"_wandb":{"runtime":1456},"total_loss":0.10619708057492971,"_timestamp":1.7280213403106632e+09,"_runtime":1456.772149492}