{"Samples":{"size":262172,"path":"media/images/Samples_70_eb271114f7320febc668.png","format":"png","width":1800,"height":900,"_type":"image-file","sha256":"eb271114f7320febc668d17e828111b53afc0685b93ca7d7aadc2c66f4481894"},"_wandb":{"runtime":801},"_runtime":719.39308882,"_step":70,"total_loss":0.10959468968212605,"_timestamp":1.7280023824763365e+09}