{"_wandb":{"runtime":534},"_runtime":534.517723152,"_step":70,"total_loss":0.035561300814151764,"_timestamp":1.7281402049007885e+09}