{"_wandb":{"runtime":128},"_step":0,"total_loss":0.7202208638191223,"_timestamp":1.7280059600501754e+09,"_runtime":128.332510501}