{"_runtime":111.957844888,"_step":0,"_wandb":{"runtime":111},"total_loss":0.47926343977451324,"_timestamp":1.728050314456291e+09}