{"_wandb":{"runtime":1398},"total_loss":0.12833494506776333,"_timestamp":1.7280180740377402e+09,"_runtime":1398.246914915,"_step":190}