{"total_loss":0.4039314091205597,"_timestamp":1.728141095983309e+09,"_runtime":130.965292541,"_step":0,"_wandb":{"runtime":130}}