{"_timestamp":1.7279972085030713e+09,"_runtime":2949.14139457,"_step":290,"_wandb":{"runtime":2949},"total_loss":0.009393512271344662}