{"total_loss":0.7977440357208252,"_timestamp":1.7280510478577561e+09,"_runtime":169.809834803,"_wandb":{"runtime":169},"_step":0}