{"total_loss":0.1582176387310028,"_timestamp":1.7280494552917142e+09,"_runtime":248.930272741,"_step":20,"_wandb":{"runtime":248}}