{"total_loss":0.4327637553215027,"_timestamp":1.7281408567411904e+09,"_runtime":125.608605367,"_step":0,"_wandb":{"runtime":125}}