{"_wandb":{"runtime":128},"_step":0,"total_loss":0.5437977015972137,"_timestamp":1.7280063445789404e+09,"_runtime":128.677102741}