{"_wandb":{"runtime":50},"_runtime":50.431146066,"_step":0,"total_loss":0.4641702473163605,"_timestamp":1.728016505553045e+09}