{"_timestamp":1.7279913334132302e+09,"_runtime":3128.287568954,"_step":290,"_wandb":{"runtime":3128},"total_loss":0.1411769613623619}