{"_step":190,"_wandb":{"runtime":1385},"total_loss":0.014462354592978954,"_timestamp":1.7280196478196678e+09,"_runtime":1385.515417134}