{"_timestamp":1.7280016046778848e+09,"_wandb":{"runtime":859},"_runtime":859.537143863,"_step":80,"total_loss":0.0896360706537962}