{"total_loss":0.19881322234869003,"_wandb":{"runtime":809},"_timestamp":1.728003791127789e+09,"_runtime":809.932497643,"_step":80}